nb_categories,nb_exemplars,score
50,1,0.280000003576
50,2,0.4
50,3,0.719999997616
50,4,0.879999992847
50,5,0.979999990463
50,6,1.0
50,7,1.0
100,1,0.1
100,2,0.45
100,3,0.84
100,4,0.98
100,5,1.0
100,6,1.0
100,7,1.0
150,1,0.100000000397
150,2,0.446666668653
150,3,0.939999997616
150,4,0.98
150,5,1.0
150,6,1.0
150,7,1.0
200,1,0.075
200,2,0.695
200,3,0.935
200,4,1.0
200,5,1.0
200,6,1.0
200,7,1.0
250,1,0.092000000149
250,2,0.571999999523
250,3,0.959999997139
250,4,1.0
250,5,0.996
250,6,1.0
250,7,1.0
